id,nombre,horas_trabajadas;
1,Delphine,136;
2,Marlane,151;
3,Sayre,191;
4,Valli,171;
5,Laurena,212;
6,Hamil,128;
7,Ettie,164;
8,Andreas,132;
9,Dita,80;
10,Euell,99;
11,Karina,185;
12,Carey,209;
13,Haze,88;
14,Averil,99;
15,Giuditta,121;
16,Hans,240;
17,Raffaello,84;
18,Franky,133;
19,Leicester,167;
20,Samantha,226;
21,Elora,144;
22,Binny,84;
23,Trudy,198;
24,Shae,104;
25,Bordy,96;
26,Mechelle,120;
27,Lucita,210;
28,Michele,88;
29,Aubry,157;
30,Ginnifer,105;
31,Pace,132;
32,Coral,81;
33,Cozmo,167;
34,Archibaldo,123;
35,Eddy,136;
36,Helen-elizabeth,103;
37,Hilario,195;
38,Helge,176;
39,Gardener,222;
40,Gustavus,142;
41,Anderea,80;
42,Demetria,108;
43,Corabella,200;
44,Agathe,207;
45,Egor,83;
46,Murvyn,194;
47,Morten,95;
48,Marlena,233;
49,Franzen,83;
50,Lurete,150;
51,Law,209;
52,Stevie,238;
53,Taylor,239;
54,Olin,138;
55,Blondy,195;
56,Judas,120;
57,Aggy,116;
58,Brendin,176;
59,Joceline,142;
60,Cymbre,221;
61,Barbabra,229;
62,Rowan,110;
63,Hedda,198;
64,Nev,226;
65,Sam,233;
66,Morganne,194;
67,Deidre,95;
68,Laureen,143;
69,Crissy,195;
70,Wilone,102;
71,Milzie,92;
72,Dorisa,100;
73,Judie,152;
74,Lucas,182;
75,Kellen,206;
76,Ferdinande,175;
77,Kilian,174;
78,Bret,161;
79,Luca,164;
80,Cathe,146;
81,Zebedee,97;
82,Ediva,132;
83,Spence,144;
84,Jo ann,131;
85,Benetta,111;
86,Papageno,96;
87,Belvia,127;
88,Lynnett,140;
89,Launce,99;
90,Dougie,214;
91,Jamaal,144;
92,Alverta,155;
93,Marcelia,187;
94,Grace,131;
95,Kathi,189;
96,Raoul,197;
97,Bria,165;
98,Currey,202;
99,Daphene,142;
100,Will,130;
101,Nicko,94;
102,Bruce,83;
103,Brit,210;
104,Hyacinthe,106;
105,Andras,140;
106,Samara,221;
107,Germaine,86;
108,Demott,196;
109,Odo,228;
110,Chrotoem,116;
111,Hadleigh,110;
112,Adoree,193;
113,Whittaker,232;
114,Leodora,113;
115,Louisette,95;
116,Merna,99;
117,Sydel,187;
118,Jennine,229;
119,Tabbie,185;
120,June,202;
121,Pembroke,106;
122,Suzette,135;
123,Joete,192;
124,Adriena,200;
125,Lana,178;
126,Lyn,105;
127,Dulce,144;
128,North,220;
129,Bette,147;
130,Emmi,226;
131,Meier,152;
132,Joelly,195;
133,Marv,106;
134,Jasen,210;
135,Merilee,206;
136,Ollie,122;
137,Sherwood,189;
138,Gilligan,123;
139,Bibbie,217;
140,Mag,150;
141,Lettie,167;
142,Yelena,107;
143,Dorie,166;
144,Wyndham,135;
145,Gwenette,142;
146,Benita,132;
147,Patience,100;
148,Caryl,224;
149,Edlin,162;
150,Blake,162;
151,Durant,91;
152,Janene,216;
153,Krissy,171;
154,Monica,235;
155,Janessa,194;
156,Herb,81;
157,Fred,112;
158,Odille,175;
159,Annissa,133;
160,Electra,202;
161,Brigit,166;
162,Martyn,174;
163,Bari,230;
164,Ralph,88;
165,Katheryn,223;
166,Norma,107;
167,Sayer,168;
168,Alix,105;
169,Laurie,86;
170,Isa,165;
171,Humbert,239;
172,Emmy,80;
173,Redford,127;
174,Sabina,166;
175,Lemar,123;
176,Ranice,104;
177,Robyn,103;
178,Rosalinda,114;
179,Gordon,109;
180,Shanda,154;
181,Alvan,169;
182,Rae,99;
183,Elfrida,239;
184,Vinny,118;
185,Meredith,184;
186,Eadmund,186;
187,Cazzie,222;
188,Colman,105;
189,Jojo,98;
190,Ives,200;
191,Brett,142;
192,Tedie,171;
193,Otho,107;
194,Ritchie,153;
195,Eddy,94;
196,Kat,131;
197,Dorise,217;
198,Alyss,80;
199,Lorelei,191;
200,Pasquale,240;
201,Yvonne,190;
202,Kilian,152;
203,Kacie,85;
204,Rube,144;
205,Elita,95;
206,Tana,114;
207,Pansie,118;
208,Iormina,131;
209,Juliet,199;
210,Ida,207;
211,Romona,216;
212,Beaufort,218;
213,Bern,155;
214,Joana,205;
215,Shay,201;
216,Ximenez,170;
217,Sydel,228;
218,Ethelda,124;
219,Cyrus,225;
220,Gerardo,168;
221,Barnabas,159;
222,Winona,175;
223,Hanni,209;
224,Lilah,166;
225,Tallou,194;
226,Riki,138;
227,Krystle,147;
228,Tracy,177;
229,Estella,124;
230,Nessy,158;
231,Maighdiln,236;
232,Hadleigh,158;
233,Amalita,186;
234,Jordan,190;
235,Claudius,146;
236,Bonni,135;
237,Rhetta,98;
238,Allister,90;
239,Chariot,224;
240,Wolfgang,204;
241,Bibbye,144;
242,Marje,168;
243,Conway,158;
244,Jenn,92;
245,Berty,194;
246,Edwin,228;
247,Theodoric,187;
248,Eirena,128;
249,Michele,181;
250,Scotti,211;
251,Teodora,153;
252,Tersina,105;
253,Elisha,142;
254,Babb,181;
255,Raleigh,130;
256,Earvin,211;
257,Philippe,165;
258,Eran,186;
259,Casey,153;
260,Celestyn,224;
261,Lauritz,116;
262,Obie,162;
263,Rhona,226;
264,Norbert,175;
265,Yank,94;
266,Rafaelita,113;
267,Sig,83;
268,Anastasia,98;
269,Jonah,222;
270,Morgen,213;
271,Gwenore,240;
272,Marven,96;
273,Jasmine,213;
274,Kassia,195;
275,Fidelity,227;
276,Leslie,230;
277,Brooks,83;
278,Julio,219;
279,Ezri,238;
280,Rana,130;
281,Ettore,191;
282,Felice,203;
283,Georgena,156;
284,Alli,192;
285,Demott,236;
286,Augustus,225;
287,Madelaine,168;
288,Nicola,135;
289,Bearnard,120;
290,Hannis,147;
291,Loise,170;
292,Walker,84;
293,Kissiah,136;
294,Ronna,210;
295,Shirline,103;
296,Florella,146;
297,Wyn,207;
298,Rosabella,104;
299,Rodi,235;
300,Vasilis,214;
301,Roseanne,94;
302,Archibaldo,230;
303,Pamella,80;
304,Bonnibelle,167;
305,Wesley,80;
306,Carin,167;
307,Derril,102;
308,Land,197;
309,Angele,213;
310,Katrina,158;
311,Marcella,162;
312,Petronia,146;
313,Sloan,135;
314,Louie,212;
315,Sandro,216;
316,Alyse,214;
317,Boris,148;
318,Rikki,221;
319,Johannah,218;
320,Valle,150;
321,Lelia,150;
322,Saree,201;
323,Orelie,222;
324,Netta,92;
325,Henry,212;
326,Gaven,199;
327,Veronica,85;
328,Betti,108;
329,Amelie,179;
330,Forbes,155;
331,Teddy,231;
332,Leta,112;
333,Abner,119;
334,Reta,172;
335,Caprice,221;
336,Harris,117;
337,Curran,227;
338,Chev,167;
339,Ally,141;
340,Alisander,115;
341,Stearne,147;
342,Hunter,146;
343,Aubree,220;
344,Allin,197;
345,Donalt,152;
346,Dannie,166;
347,Delano,116;
348,Fee,114;
349,Sigismund,220;
350,Sandy,178;
351,Helena,126;
352,Rocky,115;
353,Ray,112;
354,Eyde,106;
355,Terry,137;
356,Ardra,163;
357,Melicent,218;
358,Dorie,204;
359,Nollie,97;
360,Dilan,104;
361,Myrtle,228;
362,Arabel,217;
363,Christos,94;
364,Leticia,131;
365,Veronika,226;
366,Blithe,199;
367,Chad,100;
368,Leonanie,206;
369,Doralin,227;
370,Pen,96;
371,Nadiya,155;
372,Arabela,100;
373,Kerrie,168;
374,Colver,227;
375,Taddeusz,139;
376,Chic,151;
377,Dorisa,223;
378,Mirelle,232;
379,Channa,144;
380,Wandis,183;
381,Rebeka,114;
382,Gran,198;
383,Audi,137;
384,Tessy,177;
385,Ignacius,216;
386,Manuel,104;
387,Kerk,193;
388,Maxwell,227;
389,Carmelle,165;
390,Galvin,92;
391,Courtney,222;
392,Karney,132;
393,Tris,190;
394,Andie,165;
395,Tasia,105;
396,Aryn,218;
397,Ninetta,212;
398,Vick,109;
399,Laurice,216;
400,Junette,93;
401,Cherin,210;
402,Phillis,148;
403,Kyla,157;
404,Carmina,178;
405,El,125;
406,Janetta,116;
407,Guillema,166;
408,Sara,235;
409,Marcella,207;
410,Beaufort,136;
411,Torre,87;
412,Cammy,127;
413,Brose,233;
414,Stepha,148;
415,Margalit,200;
416,Duffie,94;
417,Rowe,208;
418,Demetri,107;
419,Packston,226;
420,Madison,108;
421,Tiphani,164;
422,Wendall,188;
423,Tiphany,180;
424,Sharleen,206;
425,Virgina,166;
426,Trevor,202;
427,Lynea,233;
428,Tarra,121;
429,Liam,127;
430,Ania,129;
431,Arlan,82;
432,Kiri,156;
433,Ferdinanda,227;
434,Melisande,190;
435,Donelle,120;
436,Ignace,181;
437,Josh,127;
438,Kevyn,238;
439,Benny,233;
440,Walton,134;
441,Josias,172;
442,Fiorenze,225;
443,Pierson,152;
444,Romonda,146;
445,Abraham,141;
446,Zelda,108;
447,Cointon,180;
448,Leonid,125;
449,Gal,194;
450,Andrei,152;
451,Melamie,114;
452,Farrand,142;
453,Alfy,207;
454,Simonne,151;
455,Chauncey,87;
456,Austina,224;
457,Goldia,239;
458,Osborne,163;
459,Ertha,115;
460,Francine,170;
461,Hill,108;
462,Charmaine,232;
463,Eimile,90;
464,Theo,113;
465,Dimitri,203;
466,Seamus,132;
467,Dido,191;
468,Gerladina,117;
469,Des,177;
470,Horace,120;
471,Calida,138;
472,Murielle,224;
473,Rosamund,147;
474,Sorcha,93;
475,Shandee,102;
476,Tildi,206;
477,Oren,135;
478,Chrysler,100;
479,Rolando,159;
480,Renell,133;
481,Brigitte,203;
482,Lu,210;
483,Simonette,132;
484,Rockey,189;
485,Hertha,148;
486,Tarrah,82;
487,Mikey,233;
488,Carlin,157;
489,Filmer,131;
490,Leigh,126;
491,Amil,145;
492,Earlie,104;
493,Gianna,144;
494,Bentley,109;
495,Horatia,106;
496,Rosamund,101;
497,Jeralee,134;
498,Alec,170;
499,Bary,191;
500,Bev,194;
501,Shauna,176;
502,Del,105;
503,Anthiathia,91;
504,Brandie,180;
505,Hollyanne,120;
506,Rowen,104;
507,Juli,192;
508,Ardra,207;
509,Elton,173;
510,Elmira,216;
511,Nara,179;
512,Wallas,228;
513,Scotty,223;
514,Tabb,171;
515,Yancey,209;
516,Homer,209;
517,Abbe,166;
518,Goran,136;
519,Tally,167;
520,Katinka,178;
521,Sigfrid,109;
522,Grantham,141;
523,Briano,146;
524,Ronica,186;
525,Emlen,227;
526,Annabel,215;
527,Waldo,215;
528,Cad,157;
529,Karlen,200;
530,Minni,110;
531,Nananne,156;
532,Gary,136;
533,Jefferey,153;
534,Marlo,223;
535,Franny,123;
536,Danell,145;
537,Elysha,149;
538,Claudius,106;
539,Dilly,178;
540,Dyan,91;
541,Perry,188;
542,Pace,233;
543,Dalila,127;
544,Skipp,235;
545,Gal,229;
546,Sigismund,106;
547,Derick,223;
548,Florenza,225;
549,Egbert,236;
550,Arliene,198;
551,Caren,179;
552,Ginger,84;
553,Morgan,127;
554,Angeli,109;
555,Wallache,100;
556,Alexandrina,206;
557,Mirabella,183;
558,Gamaliel,180;
559,Karisa,102;
560,Walker,191;
561,Art,186;
562,Juanita,139;
563,Lynsey,151;
564,Decca,202;
565,Margie,225;
566,Nils,137;
567,Ryan,169;
568,Quintina,113;
569,Karlik,122;
570,Care,204;
571,Athena,191;
572,Ansell,209;
573,Dugald,113;
574,Laraine,166;
575,Reggis,216;
576,Robert,101;
577,Cassi,209;
578,Kelly,184;
579,Efrem,154;
580,Gibb,161;
581,Cash,228;
582,Lew,157;
583,Ros,127;
584,Maximo,177;
585,Lynn,206;
586,Waring,131;
587,Zuzana,214;
588,Lombard,110;
589,Laurena,156;
590,Gwynne,116;
591,Carlie,206;
592,Darbie,145;
593,Fleurette,181;
594,Leilah,127;
595,Newton,111;
596,Esra,168;
597,Laurice,119;
598,Neala,218;
599,Archibald,100;
600,Meghan,187;
601,Gregoor,200;
602,Cassandry,120;
603,Rahel,223;
604,Chiquita,90;
605,Casey,221;
606,Georgina,159;
607,Axe,90;
608,Marline,236;
609,Matty,152;
610,Josias,114;
611,Ag,200;
612,Dannie,94;
613,Gusty,95;
614,Abraham,210;
615,Bernadette,212;
616,Farra,191;
617,Miner,113;
618,Layton,211;
619,Roderigo,215;
620,Karrie,150;
621,Eirena,85;
622,Tracee,80;
623,Normand,157;
624,Joan,226;
625,Evangeline,177;
626,Kristian,103;
627,Junina,192;
628,Thom,221;
629,Margy,215;
630,Thorn,117;
631,Jamie,130;
632,Flss,219;
633,Ad,141;
634,Jeanie,183;
635,Luigi,236;
636,Kory,206;
637,Chloette,146;
638,Dorolisa,107;
639,Thain,222;
640,Manya,189;
641,Otto,188;
642,Raynard,126;
643,Giulio,150;
644,Lambert,234;
645,Terese,107;
646,Nannette,146;
647,Reuben,203;
648,Biron,81;
649,Lynnette,207;
650,Irv,225;
651,Hammad,115;
652,Cilka,238;
653,Killian,86;
654,Bent,149;
655,Skippy,96;
656,Nil,117;
657,Jake,99;
658,Jordan,232;
659,Ange,99;
660,Yardley,127;
661,Rhonda,185;
662,Lisle,151;
663,Durand,125;
664,Nickie,163;
665,Louisa,224;
666,Alyssa,173;
667,Harman,112;
668,Annemarie,240;
669,Aryn,127;
670,Daniela,178;
671,Jania,191;
672,Mirabella,202;
673,Ashly,135;
674,Blake,199;
675,Kaycee,185;
676,Murray,146;
677,Aloin,110;
678,Carroll,203;
679,Randy,221;
680,Joyann,198;
681,Yale,202;
682,Abraham,220;
683,Othella,207;
684,Alanna,238;
685,Clevey,102;
686,Darb,201;
687,Eugenie,164;
688,Brunhilde,80;
689,Bernardine,166;
690,Pasquale,201;
691,Clarinda,95;
692,Elwyn,155;
693,Megan,207;
694,Chrisse,99;
695,Gennie,176;
696,Emmalee,216;
697,Adria,184;
698,Bliss,96;
699,Issy,132;
700,Phillida,203;
701,Hagen,104;
702,Jaine,135;
703,Bette,219;
704,Issy,222;
705,Bernardina,156;
706,Tate,185;
707,Madelon,171;
708,Amie,146;
709,Ninette,167;
710,Anneliese,80;
711,Rosanne,203;
712,Genvieve,151;
713,Noam,201;
714,Gracie,213;
715,Gunter,136;
716,Silvanus,125;
717,Johnath,168;
718,Clotilda,225;
719,Yvonne,126;
720,Colleen,169;
721,Avril,198;
722,Zechariah,155;
723,Angeli,155;
724,Cammy,87;
725,Donella,169;
726,Leone,240;
727,Rey,168;
728,Angel,151;
729,Ches,166;
730,Haley,122;
731,Vittoria,155;
732,Gratiana,128;
733,Randi,106;
734,Jodi,81;
735,Rosabella,198;
736,Lev,156;
737,Jennette,141;
738,Lin,234;
739,Maisie,159;
740,Georgi,109;
741,Obidiah,199;
742,Algernon,229;
743,Aurelia,133;
744,Elbertina,189;
745,Liana,93;
746,Babbie,226;
747,Hamlin,162;
748,Deana,218;
749,Lita,141;
750,Merrili,180;
751,Pammy,221;
752,Jenda,136;
753,Belva,182;
754,Madelon,234;
755,Homerus,210;
756,Luther,174;
757,Lulu,115;
758,Read,91;
759,Filmore,86;
760,Herrick,122;
761,Dolph,103;
762,Tedi,228;
763,Rosanna,139;
764,Jo,102;
765,Brandea,156;
766,Brice,237;
767,Penny,163;
768,Janela,102;
769,Karyn,155;
770,Dalia,120;
771,Lizette,143;
772,Cacilia,154;
773,Ezequiel,150;
774,Corey,89;
775,Aurelea,229;
776,Joshia,220;
777,Karoly,212;
778,Gary,145;
779,Shelley,146;
780,Peirce,232;
781,Alis,155;
782,Marlowe,96;
783,Melisenda,105;
784,Gib,235;
785,Henry,215;
786,Ly,85;
787,Arlan,173;
788,Aleksandr,164;
789,Janina,152;
790,Yank,192;
791,Molli,81;
792,Shayna,224;
793,Roberto,207;
794,Pail,161;
795,Montgomery,157;
796,Brittne,114;
797,Fayth,221;
798,Vin,169;
799,Rhea,82;
800,Armando,216;
801,Hedvig,238;
802,Bili,152;
803,Lindsy,123;
804,Bartie,92;
805,Colver,203;
806,Brooks,185;
807,Glynn,172;
808,Gerardo,126;
809,Blaire,181;
810,Rees,206;
811,Eleanor,207;
812,Wilhelmine,148;
813,Gaelan,154;
814,Freddy,125;
815,Gwenny,208;
816,Wynnie,104;
817,Basilio,181;
818,Harland,131;
819,Esma,223;
820,Boothe,221;
821,Aleta,209;
822,Manon,160;
823,Sergeant,210;
824,Cordy,94;
825,Michail,135;
826,Aime,178;
827,Stanford,234;
828,Euell,134;
829,Gibb,152;
830,Natividad,88;
831,Shane,181;
832,Barbra,219;
833,Courtney,121;
834,Doug,209;
835,Alfons,167;
836,Bertine,95;
837,Winnie,224;
838,Ibrahim,212;
839,Forester,143;
840,Evelyn,226;
841,Juliann,102;
842,Sarah,90;
843,Berkly,108;
844,Stormy,208;
845,Harrie,129;
846,Cosmo,179;
847,Noe,97;
848,Giulio,96;
849,Quinn,176;
850,Frankie,117;
851,Parke,115;
852,Tamara,113;
853,Colas,99;
854,Karry,182;
855,Al,205;
856,Gilli,209;
857,Monah,160;
858,Brietta,172;
859,Chase,193;
860,Claribel,142;
861,Anthia,108;
862,Ray,233;
863,Jaclin,238;
864,Kathrine,204;
865,Drew,188;
866,Fidel,146;
867,Hansiain,116;
868,Hoyt,171;
869,Benni,84;
870,Frieda,226;
871,Tonie,146;
872,Tressa,159;
873,Murray,178;
874,Brett,192;
875,Ruby,225;
876,Maggi,220;
877,Marcos,238;
878,Cherye,179;
879,Tressa,162;
880,Mortimer,105;
881,Nettle,181;
882,Jesus,171;
883,Gay,158;
884,Arabelle,204;
885,Pablo,240;
886,Amelita,208;
887,Amil,123;
888,Shay,86;
889,Constantin,178;
890,Isidoro,158;
891,Philip,239;
892,Horst,205;
893,Jamal,237;
894,Tedda,188;
895,Winnie,182;
896,Haze,153;
897,Isadora,205;
898,Sidoney,158;
899,Yuri,82;
900,Spike,186;
901,Lorry,126;
902,Richmound,123;
903,Constancia,194;
904,Meghann,96;
905,Trude,136;
906,Reinald,102;
907,Cheston,181;
908,Godfry,196;
909,Edik,108;
910,Mortie,114;
911,Dun,132;
912,Ailyn,186;
913,Reggi,115;
914,Sheppard,112;
915,Curt,240;
916,Boigie,212;
917,Dulci,183;
918,Lisette,211;
919,Kimmie,143;
920,Sibilla,237;
921,Faunie,137;
922,Loria,154;
923,Nealon,175;
924,Skipp,137;
925,Tiena,95;
926,Galvin,195;
927,Erda,135;
928,Lulita,197;
929,Ringo,181;
930,Conn,115;
931,Allyson,91;
932,Joya,178;
933,Rafferty,87;
934,Debby,181;
935,Anne-marie,231;
936,Clayson,229;
937,Jennine,115;
938,Drona,164;
939,Brynna,196;
940,Francisco,140;
941,Charlene,176;
942,Egor,189;
943,Westleigh,88;
944,Suzanna,142;
945,Noe,105;
946,Dewey,145;
947,Cornelius,226;
948,Georgie,184;
949,Sherman,182;
950,Humphrey,211;
951,Vale,210;
952,Chiquita,181;
953,Burr,102;
954,Harmonia,179;
955,Giacomo,190;
956,Brian,196;
957,Irwinn,174;
958,Ashleigh,216;
959,Morty,192;
960,Chaddy,227;
961,Garik,97;
962,Cookie,100;
963,Waldo,207;
964,Mariam,216;
965,Bryna,102;
966,Joannes,147;
967,Donielle,186;
968,Emma,227;
969,Normand,109;
970,Gavrielle,125;
971,Seumas,96;
972,Wyatt,176;
973,Bogart,174;
974,Ellette,215;
975,Enrico,123;
976,Christoffer,153;
977,Riannon,209;
978,Jenelle,110;
979,Fredrika,143;
980,Francisco,85;
981,Torr,234;
982,Valerye,136;
983,Anthia,84;
984,Stormi,135;
985,Randal,119;
986,Hugh,142;
987,Marlane,92;
988,Tybie,109;
989,Bethanne,236;
990,Karoly,85;
991,Wendie,225;
992,Giselle,175;
993,Sisely,158;
994,Jen,152;
995,Tabbie,110;
996,Mab,127;
997,Viole,131;
998,Abbye,125;
999,Lauralee,95;
1000,Jessie,175;
