<?xml version="1.0" encoding="us-ascii"?><ArrayOfPersona xmlns:xsi="http://www.w3.org/2001/XMLSchema-instance" xmlns:xsd="http://www.w3.org/2001/XMLSchema"><Persona><Nombre>jose</Nombre><Apellido>lopez</Apellido><Dni>45698723</Dni></Persona><Persona><Nombre>maxi </Nombre><Apellido>rey</Apellido><Dni>45698325</Dni></Persona><Persona><Nombre>elias.</Nombre><Apellido>gonzalez</Apellido><Dni>41234588</Dni></Persona><Persona><Nombre>claudia</Nombre><Apellido>lopez </Apellido><Dni>85692145</Dni></Persona><Persona><Nombre>enzo</Nombre><Apellido>marlo</Apellido><Dni>78963241</Dni></Persona></ArrayOfPersona>